#{"t_start": 1710537406.756857, "env_id": "microgrid-v0"}
r,l,t
37.33496,1024,0.838665
