#{"t_start": 1710621902.6788561, "env_id": "microgrid-v0"}
r,l,t
46.112394,1024,0.515708
